{"current":{"color_primary":"#880015","color_primary_dark":"#6B0011","color_secondary":"#D4AF37","color_secondary_light":"#E5C76B","color_bg_white":"#FFFFFF","color_bg_light":"#F9F9F9","color_bg_grey":"#F5F5F6","color_bg_dark":"#1A1A1A","color_text_primary":"#1A1A1A","color_text_secondary":"#666666","color_text_muted":"#999999","color_border":"#E5E5E5","color_success":"#03A685","color_error":"#FF3F6C","heading_scale":100,"body_scale":100,"spacing_sections":16,"product_grid_columns_mobile":"2","product_grid_gap":2,"button_border_radius":4,"card_border_radius":0,"phone_number":"+91 93100 69721","whatsapp_number":"919310069721","sections":{"header":{"type":"header","settings":{}},"footer":{"type":"footer","settings":{"footer_logo_text":"AONA INDIA","tagline":"Luxury Handcrafted Home Decor","column_1_title":"Shop","column_1_menu":"","column_2_title":"Support","column_2_menu":""}}},"content_for_index":[],"blocks":{"2635484361153262575":{"type":"shopify:\/\/apps\/cuped-ai\/blocks\/cuped-head\/7570203e-b773-4f7a-92ed-9d3f057c161c","disabled":false,"settings":{"enabled":true}},"286197278318599166":{"type":"shopify:\/\/apps\/bitlogin-social-login\/blocks\/app-block\/9099a221-3716-4376-9c77-be195a34de99","disabled":false,"settings":{}}}}}