{"order":["pepperfry_navbar_static_GzRhx6","category_tabs_6LXmwL","hero","collection_circles_FKBU4M","featured_products_fMXH9F","gifting_corner_MFFyBD","promo_signup_strip_KXALfm","brand_story_WyjiCK","featured_collection_nyKr3X","category_grid_wpq9A6","horizontal_products_TbMirw","promo_banners_ceJ6fQ","trust_strip_pepperfry_EgJ9dx","image_with_text_QjjcjQ","testimonial_slider_MHph89","newsletter_Vnf8MN","recently_viewed_rail_AmtEaY","material_spotlight_xPB4KU"],"sections":{"pepperfry_navbar_static_GzRhx6":{"type":"pepperfry-navbar-static","name":"Pepperfry Full Menu","settings":{}},"category_tabs_6LXmwL":{"type":"category-tabs","name":"Category Tabs","settings":{}},"hero":{"type":"hero-slider","blocks":{"left_slide_q6tchz":{"type":"left_slide","settings":{"image_mobile":"shopify:\/\/shop_images\/74ce9086-04f9-11f1-8257-00163e00d5dd.jpg","collection":"","link":""}},"right_slide_eE98xU":{"type":"right_slide","settings":{"image":"shopify:\/\/shop_images\/71ffTvf_6vL._SL1500.jpg","collection":"","link":""}},"left_slide_fX648E":{"type":"left_slide","settings":{"image_desktop":"shopify:\/\/shop_images\/71EqhI_qL._SL1500.jpg","collection":"anniversary-gifts","link":""}}},"block_order":["left_slide_q6tchz","right_slide_eE98xU","left_slide_fX648E"],"custom_css":[],"settings":{"autoplay_speed":4}},"collection_circles_FKBU4M":{"type":"collection-circles","blocks":{"collection_Mfngmr":{"type":"collection","settings":{"title":"Brass","link":""}},"collection_Dg6bBM":{"type":"collection","settings":{"title":"Idols","link":""}},"collection_4wJpUb":{"type":"collection","settings":{"title":"Copper","link":""}},"collection_bX443a":{"type":"collection","settings":{"title":"Bronze","link":""}},"collection_Wg6b73":{"type":"collection","settings":{"title":"Silver","link":""}}},"block_order":["collection_Mfngmr","collection_Dg6bBM","collection_4wJpUb","collection_bX443a","collection_Wg6b73"],"name":"Collection Circles","settings":{}},"featured_products_fMXH9F":{"type":"featured-products","name":"Featured Collection","settings":{"title":"New Arrivals","collection":"across-the-continents","products_to_show":4,"show_view_all":true,"show_rating":true}},"promo_signup_strip_KXALfm":{"type":"promo-signup-strip","name":"Signup Strip","settings":{"main_text":"Sign Up & Get Upto Rs. 1,500 Off","sub_text":"On Your First Purchase","coupon":"HELLO1500"}},"brand_story_WyjiCK":{"type":"brand-story","name":"Brand Story","settings":{"badge":"SINCE 1985","heading":"Crafted with Passion,","heading_accent":"Made with Soul","text":"Every piece in our collection tells a story of generations of skilled artisans who pour their heart into creating timeless masterpieces. From the bustling workshops of Moradabad to your living room, each item carries the warmth of human touch.","feature_1":"100% Authentic","feature_2":"Certificate","feature_3":"Global Shipping","button_text":"READ OUR STORY","button_link":""}},"featured_collection_nyKr3X":{"type":"featured-collection","name":"Featured Collection","settings":{"title":"Best Sellers","collection":"all","product_limit":10,"show_view_all":true}},"category_grid_wpq9A6":{"type":"category-grid","blocks":{"category_UjaczW":{"type":"category","settings":{"title":"Brass Collection","product_count":"120","link":""}},"category_Y3D8nR":{"type":"category","settings":{"title":"Resin Art","product_count":"85","link":""}},"category_BNTpn6":{"type":"category","settings":{"title":"Category Name","product_count":"120+","link":""}},"category_d4UVYB":{"type":"category","settings":{"title":"Category Name","product_count":"120+","link":""}},"category_zpQGPM":{"type":"category","disabled":true,"settings":{"title":"Handwoven Rugs","product_count":"45","link":""}}},"block_order":["category_UjaczW","category_Y3D8nR","category_BNTpn6","category_d4UVYB","category_zpQGPM"],"name":"Category Grid","settings":{"title":"Shop by Category","subtitle":"Explore our curated collections"}},"horizontal_products_TbMirw":{"type":"horizontal-products","name":"Horizontal Products","settings":{"title":"Handpicked for You","collection":"aesthetic-treasures","products_to_show":8,"show_view_all":true}},"promo_banners_ceJ6fQ":{"type":"promo-banners","blocks":{"banner_aTmJ86":{"type":"banner","settings":{"title":"New Arrivals","subtitle":"","background_color":"#880015","link":""}},"banner_fGYeYq":{"type":"banner","settings":{"title":"Best Sellers","subtitle":"","background_color":"#880015","link":""}},"banner_bwt8Ce":{"type":"banner","settings":{"title":"Festive Collection","subtitle":"","background_color":"#880015","link":""}},"banner_e7Cktb":{"type":"banner","settings":{"title":"Under ₹999","subtitle":"","background_color":"#880015","link":""}}},"block_order":["banner_aTmJ86","banner_fGYeYq","banner_bwt8Ce","banner_e7Cktb"],"name":"Promo Banners","settings":{"title":"Featured"}},"trust_strip_pepperfry_EgJ9dx":{"type":"trust-strip-pepperfry","name":"Pepperfry Trust Bar","settings":{}},"image_with_text_QjjcjQ":{"type":"image-with-text","name":"Image with text","settings":{"layout":"left","subheading":"Our Story","heading":"Handcrafted with Love","text":"Each piece in our collection is crafted by skilled artisans using traditional techniques passed down through generations.","text_align":"left","button_label":"Read More","button_link":""}},"testimonial_slider_MHph89":{"type":"testimonial-slider","blocks":{"review_GykKiV":{"type":"review","settings":{"name":"Rahul S.","product":"Brass Ganesha Idol","text":"Absolutely beautiful craftsmanship. The weight and finish feel incredibly premium."}},"review_KjQB3p":{"type":"review","settings":{"name":"Rahul S.","product":"Brass Ganesha Idol","text":"Absolutely beautiful craftsmanship. The weight and finish feel incredibly premium."}},"review_qQR7r6":{"type":"review","settings":{"name":"Rahul S.","product":"Brass Ganesha Idol","text":"Absolutely beautiful craftsmanship. The weight and finish feel incredibly premium."}},"review_zhKrhL":{"type":"review","settings":{"name":"Rahul S.","product":"Brass Ganesha Idol","text":"Absolutely beautiful craftsmanship. The weight and finish feel incredibly premium."}}},"block_order":["review_GykKiV","review_KjQB3p","review_qQR7r6","review_zhKrhL"],"name":"Testimonial Slider","settings":{"title":"Loved by Thousands"}},"newsletter_Vnf8MN":{"type":"newsletter","name":"Newsletter","settings":{"heading":"Join Our Community","text":"Subscribe to receive updates, access to exclusive deals, and more.","button_label":"Subscribe"}},"gifting_corner_MFFyBD":{"type":"gifting-corner","blocks":{"gift_block_TxpFW3":{"type":"gift_block","settings":{"title":"Under ₹999","sub":"Housewarming","link":""}},"gift_block_gyPJKH":{"type":"gift_block","settings":{"title":"Under ₹999","sub":"Housewarming","link":""}},"gift_block_caRbJg":{"type":"gift_block","settings":{"title":"Under ₹999","sub":"Housewarming","link":""}},"gift_block_PLf7Xj":{"type":"gift_block","settings":{"title":"Under ₹999","sub":"Housewarming","link":""}}},"block_order":["gift_block_TxpFW3","gift_block_gyPJKH","gift_block_caRbJg","gift_block_PLf7Xj"],"name":"The Gifting Corner","settings":{"title":"The Gifting Corner","subtitle":"Thoughtful presents for every budget"}},"recently_viewed_rail_AmtEaY":{"type":"recently-viewed-rail","name":"Recently Viewed Rail","settings":{}},"material_spotlight_xPB4KU":{"type":"material-spotlight","blocks":{"material_WqGiPV":{"type":"material","settings":{"title":"Brass","desc":"Timeless & Divine","link":""}}},"block_order":["material_WqGiPV"],"name":"Material Spotlight","settings":{"title":"Know Your Materials"}}}}